City_ID,City,Country,Date,Lat,Lng,Max Temp,Humidity,Cloudiness,Wind Speed
0,Kaitangata,NZ,2021-03-24 03:56:30,-46.2817,169.8464,57.99,74,99,5.99
1,Jamestown,US,2021-03-24 03:55:53,42.097,-79.2353,55.4,58,75,12.01
2,Zhigansk,RU,2021-03-24 03:56:31,66.7697,123.3711,-12.41,87,60,7.31
3,Talnakh,RU,2021-03-24 03:56:31,69.4865,88.3972,6.96,93,100,16.13
4,Ribeira Grande,PT,2021-03-24 03:56:31,38.5167,-28.7,55.53,56,28,8.9
5,Mayya,RU,2021-03-24 03:56:31,61.7333,130.2811,-0.4,46,0,8.95
6,Japura,ID,2021-03-24 03:56:32,-0.3167,102.35,81.52,75,100,3.38
7,Saint-Philippe,RE,2021-03-24 03:56:32,-21.3585,55.7679,80.6,69,0,4.61
8,Qaanaaq,GL,2021-03-24 03:56:32,77.484,-69.3632,-22.99,63,96,6.26
9,Arraial Do Cabo,BR,2021-03-24 03:56:33,-22.9661,-42.0278,75.25,86,0,3.58
10,Ponta Do Sol,PT,2021-03-24 03:56:33,32.6667,-17.1,54.0,60,56,3.0
11,Kieta,PG,2021-03-24 03:56:33,-6.2167,155.6333,83.73,71,100,3.85
12,Kapaa,US,2021-03-24 03:56:33,22.0752,-159.319,77.0,50,1,9.22
13,Butaritari,KI,2021-03-24 03:56:33,3.0707,172.7902,81.91,78,15,20.67
14,Longyearbyen,SJ,2021-03-24 03:56:34,78.2186,15.6401,24.8,63,75,4.61
15,Seydi,TM,2021-03-24 03:56:34,39.4816,62.9137,59.32,53,29,12.28
16,Saskylakh,RU,2021-03-24 03:56:34,71.9167,114.0833,-15.97,89,94,5.77
17,Bluff,NZ,2021-03-24 03:56:34,-46.6,168.3333,59.0,72,76,4.0
18,Alyangula,AU,2021-03-24 03:56:35,-13.8483,136.4192,84.54,70,100,3.38
19,Lompoc,US,2021-03-24 03:56:35,34.6391,-120.4579,53.6,66,1,9.22
20,Bredasdorp,ZA,2021-03-24 03:56:35,-34.5322,20.0403,62.6,94,58,5.75
21,Mataura,NZ,2021-03-24 03:56:36,-46.1927,168.8643,59.0,72,100,4.0
22,Kaz,RU,2021-03-24 03:56:36,52.9113,87.3105,36.41,97,100,7.0
23,Albany,US,2021-03-24 03:55:57,42.6001,-73.9662,51.01,61,100,1.01
24,Fortuna,US,2021-03-24 03:56:36,40.5982,-124.1573,48.99,87,1,9.22
25,Busselton,AU,2021-03-24 03:56:36,-33.65,115.3333,69.01,54,31,1.99
26,Seguela,CI,2021-03-24 03:56:37,7.9611,-6.6731,73.29,88,21,6.67
27,Dzilam Gonzalez,MX,2021-03-24 03:56:37,21.2833,-88.9333,76.28,76,0,10.29
28,Castro,BR,2021-03-24 03:56:37,-24.7911,-50.0119,64.18,90,97,0.92
29,Ilulissat,GL,2021-03-24 03:56:37,69.2167,-51.1,-5.8,65,75,11.5
30,Punta Arenas,CL,2021-03-24 03:54:14,-53.15,-70.9167,41.0,75,0,31.07
31,Kruisfontein,ZA,2021-03-24 03:56:38,-34.0033,24.7314,62.01,92,100,1.99
32,Presidencia Roque Saenz Pena,AR,2021-03-24 03:56:38,-26.7852,-60.4388,73.99,90,94,1.99
33,Ushuaia,AR,2021-03-24 03:56:38,-54.8,-68.3,42.8,93,75,34.52
34,Green River,US,2021-03-24 03:54:02,41.5286,-109.4662,27.0,74,75,16.11
35,Bithur,IN,2021-03-24 03:56:38,26.6333,80.2833,80.6,50,40,3.44
36,El Tigre,VE,2021-03-24 03:56:39,8.8875,-64.2454,76.51,66,60,12.62
37,Tra Vinh,VN,2021-03-24 03:56:39,9.9347,106.3453,91.94,47,100,17.78
38,Carnarvon,AU,2021-03-24 03:56:39,-24.8667,113.6333,78.8,57,6,13.8
39,Hermanus,ZA,2021-03-24 03:56:39,-34.4187,19.2345,66.99,83,12,8.01
40,Rikitea,PF,2021-03-24 03:56:40,-23.1203,-134.9692,80.28,74,15,11.43
41,Havoysund,NO,2021-03-24 03:56:40,70.9963,24.6622,35.6,64,75,16.11
42,Barrow,US,2021-03-24 03:56:40,71.2906,-156.7887,-9.4,70,1,10.36
43,Yellowknife,CA,2021-03-24 03:56:40,62.456,-114.3525,-4.0,59,20,9.22
44,Paita,PE,2021-03-24 03:56:41,-5.0892,-81.1144,74.28,76,99,11.61
45,Landerneau,FR,2021-03-24 03:56:41,48.4525,-4.2525,48.2,87,90,6.91
46,Sioux Lookout,CA,2021-03-24 03:56:41,50.1001,-91.917,39.2,41,90,4.61
47,Atuona,PF,2021-03-24 03:53:48,-9.8,-139.0333,80.92,72,100,18.19
48,Poum,NC,2021-03-24 03:56:41,-20.2333,164.0167,79.72,72,41,17.47
49,Norman Wells,CA,2021-03-24 03:56:42,65.282,-126.8329,8.6,56,40,13.8
50,Coihaique,CL,2021-03-24 03:56:42,-45.5752,-72.0662,38.77,95,7,7.67
51,Port Alfred,ZA,2021-03-24 03:56:42,-33.5906,26.891,66.4,80,98,14.18
52,Victoria,HK,2021-03-24 03:53:06,22.2855,114.1577,73.0,66,63,1.01
53,Jiexiu,CN,2021-03-24 03:56:43,37.0244,111.9125,61.02,25,100,9.17
54,Karema,TZ,2021-03-24 03:56:43,-6.8205,30.4389,68.45,87,63,4.97
55,Vaini,TO,2021-03-24 03:56:43,-21.2,-175.2,73.4,94,90,13.8
56,Novyy Urengoy,RU,2021-03-24 03:56:43,66.0833,76.6333,16.59,95,72,10.65
57,New Norfolk,AU,2021-03-24 03:56:44,-42.7826,147.0587,62.01,84,100,1.01
58,Porto Novo,BJ,2021-03-24 03:56:44,6.4965,2.6036,75.2,94,20,2.3
59,Kloulklubed,PW,2021-03-24 03:53:01,7.0419,134.2556,87.8,70,75,11.5
60,Leningradskiy,RU,2021-03-24 03:56:44,69.3833,178.4167,3.97,93,100,6.8
61,Bereda,ES,2021-03-24 03:56:45,43.2686,-7.5406,48.2,81,90,1.14
62,Georgetown,MY,2021-03-24 03:56:45,5.4112,100.3354,86.0,74,20,3.44
63,Semirom,IR,2021-03-24 03:56:45,31.4167,51.5667,49.15,55,43,5.82
64,Aykhal,RU,2021-03-24 03:56:45,66.0,111.5,2.37,81,98,3.51
65,Fairbanks,US,2021-03-24 03:56:46,64.8378,-147.7164,17.6,67,75,5.75
66,Sovik,NO,2021-03-24 03:56:46,65.9333,12.4667,44.6,76,90,19.57
67,Cape Town,ZA,2021-03-24 03:56:20,-33.9258,18.4232,66.99,77,0,2.3
68,Tasiilaq,GL,2021-03-24 03:56:46,65.6145,-37.6368,6.8,72,10,6.91
69,San Andres,CO,2021-03-24 03:56:46,12.5847,-81.7006,80.6,74,20,10.36
70,Pemba,MZ,2021-03-24 03:56:47,-12.974,40.5178,78.8,94,75,4.61
71,Bethel,US,2021-03-24 03:56:47,41.3712,-73.414,46.99,71,1,2.15
72,Merauke,ID,2021-03-24 03:56:47,-8.4667,140.3333,83.82,74,98,5.37
73,Lagoa,PT,2021-03-24 03:56:47,39.05,-27.9833,54.68,52,15,4.45
74,Lebu,CL,2021-03-24 03:56:48,-37.6167,-73.65,56.08,90,20,17.85
75,Zigong,CN,2021-03-24 03:56:48,29.3416,104.7769,67.48,43,3,6.06
76,Vila Velha,BR,2021-03-24 03:56:48,-20.3297,-40.2925,75.2,94,20,2.3
77,Big Rapids,US,2021-03-24 03:56:49,43.6981,-85.4837,55.0,71,90,8.05
78,Eureka,US,2021-03-24 03:56:08,40.8021,-124.1637,48.99,82,0,1.01
79,Bandundu,CD,2021-03-24 03:56:49,-3.3167,17.3667,72.41,85,36,3.11
80,Turkmenabat,TM,2021-03-24 03:56:49,39.0733,63.5786,55.4,71,0,11.5
81,Dok Kham Tai,TH,2021-03-24 03:56:49,19.1624,99.9934,94.23,31,6,4.97
82,Hobart,AU,2021-03-24 03:56:50,-42.8794,147.3294,62.01,88,75,10.36
83,Saint-Augustin,CA,2021-03-24 03:56:50,51.226,-58.6502,17.28,89,39,6.13
84,Yantal,RU,2021-03-24 03:56:50,56.8471,105.2542,30.31,80,96,6.76
85,Tiksi,RU,2021-03-24 03:56:50,71.6872,128.8694,-15.38,97,98,2.51
86,Dudinka,RU,2021-03-24 03:56:51,69.4058,86.1778,13.64,93,100,19.86
87,Oranjemund,NA,2021-03-24 03:56:51,-28.55,16.4333,63.55,84,0,4.88
88,Manuk Mangkaw,PH,2021-03-24 03:56:51,4.8,119.85,82.53,68,100,2.37
89,Ha Tinh,VN,2021-03-24 03:56:51,18.3333,105.9,70.43,75,100,4.74
90,Praia,CV,2021-03-24 03:56:52,14.9215,-23.5087,66.2,82,20,13.8
91,Avarua,CK,2021-03-24 03:56:52,-21.2078,-159.775,84.2,79,20,10.36
92,Micheweni,TZ,2021-03-24 03:56:52,-4.9667,39.8333,80.87,72,11,1.79
93,Praya,CV,2021-03-24 03:56:52,14.9215,-23.5087,66.2,82,20,13.8
94,East London,ZA,2021-03-24 03:56:52,-33.0153,27.9116,59.0,94,0,3.44
95,Palmer,US,2021-03-24 03:56:53,42.1584,-72.3287,50.0,62,75,4.61
96,Port-Gentil,GA,2021-03-24 03:52:19,-0.7193,8.7815,79.99,77,100,13.67
97,Krasnoselkup,RU,2021-03-24 03:56:53,65.7,82.4667,23.88,93,100,16.26
98,Yumen,CN,2021-03-24 03:56:53,40.2833,97.2,53.78,9,37,15.43
99,Rio Gallegos,AR,2021-03-24 03:56:54,-51.6226,-69.2181,42.8,56,0,31.07
100,Airai,TL,2021-03-24 03:56:54,-8.9266,125.4092,70.23,78,55,0.6
101,Hasaki,JP,2021-03-24 03:56:54,35.7333,140.8333,68.0,39,20,11.5
102,Mahebourg,MU,2021-03-24 03:56:54,-20.4081,57.7,77.0,94,20,3.44
103,Puerto Ayora,EC,2021-03-24 03:56:55,-0.7393,-90.3518,75.0,95,30,2.57
104,Amapa,BR,2021-03-24 03:56:55,1.0,-52.0,71.47,99,100,1.97
105,Manicore,BR,2021-03-24 03:56:55,-5.8092,-61.3003,72.28,98,100,0.67
106,Saint George,US,2021-03-24 03:56:55,37.1041,-113.5841,53.01,35,1,27.63
107,Kismayo,SO,2021-03-24 03:56:56,-0.3582,42.5454,80.87,78,42,9.51
108,Omboue,GA,2021-03-24 03:56:56,-1.5746,9.2618,77.34,84,100,5.35
109,Bambous Virieux,MU,2021-03-24 03:56:56,-20.3428,57.7575,84.99,94,20,3.44
110,Honiara,SB,2021-03-24 03:56:56,-9.4333,159.95,84.7,74,49,3.38
111,Lorengau,PG,2021-03-24 03:56:57,-2.0226,147.2712,85.15,68,83,5.77
112,Husavik,IS,2021-03-24 03:56:57,66.0449,-17.3389,32.0,80,90,4.61
113,General Cepeda,MX,2021-03-24 03:56:57,25.3833,-101.45,61.09,11,14,5.73
114,Lavrentiya,RU,2021-03-24 03:56:57,65.5833,-171.0,19.99,95,100,4.54
115,Sembe,CG,2021-03-24 03:56:58,1.6481,14.5806,69.58,99,58,2.06
116,Nouadhibou,MR,2021-03-24 03:56:58,20.931,-17.0347,60.8,94,0,18.41
117,Tiznit,MA,2021-03-24 03:56:58,29.5833,-9.5,61.14,20,0,5.86
118,Mahibadhoo,MV,2021-03-24 03:56:58,3.7833,72.9667,82.8,66,91,2.37
119,Angoche,MZ,2021-03-24 03:56:59,-16.2325,39.9086,74.66,86,28,7.4
120,Manta,EC,2021-03-24 03:56:59,-0.95,-80.7333,77.0,83,0,5.75
121,Guerrero Negro,MX,2021-03-24 03:56:59,27.9769,-114.0611,58.46,72,65,21.36
122,Shadegan,IR,2021-03-24 03:57:00,30.6497,48.6647,71.6,64,40,9.22
123,Upernavik,GL,2021-03-24 03:57:00,72.7868,-56.1549,-14.87,96,99,0.78
124,Grand Baie,MU,2021-03-24 03:57:00,-20.0182,57.5802,84.99,77,10,3.0
125,Beaverlodge,CA,2021-03-24 03:57:00,55.2166,-119.4361,32.0,100,90,6.91
126,Avera,US,2021-03-24 03:57:01,33.194,-82.5271,62.6,85,1,4.61
127,Katsuura,JP,2021-03-24 03:57:01,35.1333,140.3,66.2,45,20,19.57
128,Kalemie,CD,2021-03-24 03:57:01,-5.9475,29.1947,71.01,88,100,3.98
129,Miraflores,MX,2021-03-24 03:57:01,19.2167,-98.8083,71.01,26,0,11.01
130,Carballo,ES,2021-03-24 03:57:02,43.213,-8.691,48.2,81,90,1.14
131,Chokurdakh,RU,2021-03-24 03:57:02,70.6333,147.9167,-6.48,94,100,9.84
132,Dongning,CN,2021-03-24 03:57:02,44.0622,131.1207,47.23,59,100,2.39
133,Te Anau,NZ,2021-03-24 03:57:02,-45.4167,167.7167,60.19,63,83,3.22
134,Aasiaat,GL,2021-03-24 03:57:03,68.7098,-52.8699,-14.89,95,97,6.49
135,Pacific Grove,US,2021-03-24 03:56:56,36.6177,-121.9166,54.0,76,1,8.05
136,Talaya,RU,2021-03-24 03:57:03,61.3833,152.75,5.07,78,100,7.81
137,Khatanga,RU,2021-03-24 03:57:03,71.9667,102.5,-2.67,89,100,3.76
138,Clyde River,CA,2021-03-24 03:57:04,70.4692,-68.5914,-18.4,69,90,6.91
139,Xining,CN,2021-03-24 03:57:04,36.6167,101.7667,46.6,15,100,3.36
140,Fukue,JP,2021-03-24 03:57:04,32.6881,128.8419,62.6,63,40,9.22
141,Luderitz,NA,2021-03-24 03:53:21,-26.6481,15.1594,64.45,81,0,6.6
142,Mantua,IT,2021-03-24 03:57:04,45.1667,10.7833,39.2,74,0,5.75
143,Okhotsk,RU,2021-03-24 03:57:05,59.3833,143.3,13.73,79,100,14.09
144,Pahrump,US,2021-03-24 03:57:05,36.2083,-115.9839,53.01,28,23,4.0
145,Torbay,CA,2021-03-24 03:57:05,47.6666,-52.7314,39.99,60,90,18.41
146,Kichera,RU,2021-03-24 03:57:05,55.9375,110.0997,30.36,92,100,5.55
147,Ambanja,MG,2021-03-24 03:57:06,-13.6833,48.45,75.67,90,58,3.09
148,Tuktoyaktuk,CA,2021-03-24 03:57:06,69.4541,-133.0374,-2.2,71,75,11.5
149,Putina,PE,2021-03-24 03:57:06,-15.4667,-69.4333,41.58,77,100,7.34
150,Meulaboh,ID,2021-03-24 03:57:06,4.1363,96.1285,79.7,82,100,5.44
151,Iqaluit,CA,2021-03-24 03:57:07,63.7506,-68.5145,-25.01,68,20,6.91
152,Paka,MY,2021-03-24 03:57:07,4.6374,103.4368,80.6,89,40,6.91
153,Mahalingpur,IN,2021-03-24 03:52:27,16.3833,75.1167,87.17,30,3,8.72
154,Pisco,PE,2021-03-24 03:57:07,-13.7,-76.2167,70.0,78,75,12.66
155,Zalantun,CN,2021-03-24 03:57:07,48.0,122.7167,47.82,27,50,6.73
156,Komsomolskiy,UZ,2021-03-24 03:57:08,40.4272,71.7189,53.6,66,4,5.01
157,Great Yarmouth,GB,2021-03-24 03:57:08,52.6083,1.7305,37.99,93,74,5.75
158,Ohringen,DE,2021-03-24 03:57:08,49.2017,9.5039,28.99,93,1,4.61
159,Nikolskoye,RU,2021-03-24 03:57:08,59.7035,30.7861,36.0,75,0,4.47
160,Maceio,BR,2021-03-24 03:55:58,-9.6658,-35.7353,73.4,100,40,3.44
161,Sahuaripa,MX,2021-03-24 03:57:09,29.05,-109.2333,59.83,22,0,11.25
162,Ohara,JP,2021-03-24 03:57:09,35.25,140.3833,66.2,39,20,11.5
163,Anito,PH,2021-03-24 03:57:09,12.4497,125.2886,80.19,88,100,11.32
164,Maragogi,BR,2021-03-24 03:55:29,-9.0122,-35.2225,77.77,81,14,6.64
165,Pitimbu,BR,2021-03-24 03:57:09,-7.4706,-34.8086,77.0,94,75,4.61
166,Conde,BR,2021-03-24 03:57:10,-7.2597,-34.9075,77.0,94,75,4.61
167,Jambi,ID,2021-03-24 03:57:10,-1.6,103.6167,81.86,82,100,4.74
168,Touros,BR,2021-03-24 03:57:10,-5.1989,-35.4608,75.2,94,20,4.61
169,Keti Bandar,PK,2021-03-24 03:57:10,24.1447,67.4497,80.01,56,10,7.18
170,Boysun,UZ,2021-03-24 03:57:11,38.2061,67.1986,55.54,49,59,7.11
171,Mar Del Plata,AR,2021-03-24 03:56:57,-38.0023,-57.5575,64.99,94,0,6.91
172,Wagar,SD,2021-03-24 03:57:11,16.1525,36.2032,84.47,24,1,6.73
173,Booue,GA,2021-03-24 03:57:11,-0.0921,11.9385,71.58,98,100,1.01
174,Port Elizabeth,ZA,2021-03-24 03:57:12,-33.918,25.5701,66.2,88,0,9.22
175,Jalu,LY,2021-03-24 03:57:12,29.0331,21.5482,53.28,57,0,19.55
176,Inhambane,MZ,2021-03-24 03:57:12,-23.865,35.3833,70.14,73,11,8.23
177,Faanui,PF,2021-03-24 03:57:12,-16.4833,-151.75,84.06,73,9,20.15
178,Hilo,US,2021-03-24 03:57:13,19.7297,-155.09,77.0,69,20,11.5
179,Coracora,PE,2021-03-24 03:57:13,-15.0333,-73.7833,48.97,87,100,1.28
180,Bagdarin,RU,2021-03-24 03:57:13,54.4333,113.6,30.92,62,100,3.36
181,Ciudad Bolivar,VE,2021-03-24 03:57:13,8.1222,-63.5497,78.17,70,99,12.68
182,Titel,RS,2021-03-24 03:57:14,45.2061,20.2944,39.2,87,75,9.22
183,Hirara,JP,2021-03-24 03:57:14,24.8,125.2833,68.0,88,75,11.5
184,Karangasem,ID,2021-03-24 03:57:14,-8.45,115.6167,86.0,70,20,5.75
185,Marrakesh,MA,2021-03-24 03:55:42,31.6315,-8.0083,50.0,76,0,4.61
186,San Fernando,PH,2021-03-24 03:57:14,15.0286,120.6898,87.8,58,75,2.3
187,Kodiak,US,2021-03-24 03:57:15,57.79,-152.4072,33.8,51,1,12.66
188,Peniche,PT,2021-03-24 03:53:12,39.3558,-9.3811,51.01,81,11,10.2
189,Hithadhoo,MV,2021-03-24 03:57:15,-0.6,73.0833,83.1,72,64,8.28
190,Nampula,MZ,2021-03-24 03:57:15,-15.1165,39.2666,71.6,100,40,4.61
191,Payyannur,IN,2021-03-24 03:57:15,12.1,75.2,87.94,61,36,0.54
192,Cockburn Town,TC,2021-03-24 03:57:16,21.4612,-71.1419,77.5,78,0,15.57
193,Port Hedland,AU,2021-03-24 03:57:16,-20.3167,118.5667,93.2,43,51,10.36
194,Kattivakkam,IN,2021-03-24 03:57:16,13.2167,80.3167,84.2,70,20,2.3
195,Staritsa,RU,2021-03-24 03:57:16,56.5075,34.9354,17.46,93,15,4.36
196,Hobyo,SO,2021-03-24 03:57:17,5.3505,48.5268,79.0,60,31,11.97
197,Coquimbo,CL,2021-03-24 03:53:03,-29.9533,-71.3436,59.0,82,0,3.44
198,Joshimath,IN,2021-03-24 03:57:17,30.5667,79.5667,58.62,41,20,3.56
199,Kabo,CF,2021-03-24 03:57:17,7.6994,18.629,76.21,68,100,3.2
200,Netrakona,BD,2021-03-24 03:57:18,24.8833,90.7167,91.67,20,4,3.62
201,Beboto,TD,2021-03-24 03:57:18,8.2668,16.939,76.33,64,90,2.21
202,Benalla,AU,2021-03-24 03:57:18,-36.55,145.9833,68.0,77,90,14.97
203,Caramoran,PH,2021-03-24 03:57:18,13.9849,124.1347,84.6,65,65,12.75
204,Kingston,JM,2021-03-24 03:57:19,17.997,-76.7936,78.8,73,20,12.66
205,Hirna,ET,2021-03-24 03:57:19,9.2167,41.1,61.43,23,5,5.03
206,Marsa Matruh,EG,2021-03-24 03:57:19,31.3525,27.2453,53.6,62,0,17.27
207,Namibe,AO,2021-03-24 03:57:19,-15.1961,12.1522,72.43,83,100,6.29
208,Cabo San Lucas,MX,2021-03-24 03:57:20,22.8909,-109.9124,64.99,70,43,15.95
209,San Patricio,US,2021-03-24 03:57:20,28.017,-97.5169,70.0,83,75,12.66
210,Arlit,NE,2021-03-24 03:57:20,18.7369,7.3853,75.83,14,88,8.23
211,La Ronge,CA,2021-03-24 03:57:20,55.1001,-105.2842,14.0,48,96,11.5
212,Amarwara,IN,2021-03-24 03:57:21,22.3,79.1667,83.19,24,94,10.0
213,Iquique,CL,2021-03-24 03:53:53,-20.2208,-70.1431,69.8,60,0,9.22
214,Palu,ID,2021-03-24 03:57:21,-0.8917,119.8707,86.45,72,95,3.44
215,Dikson,RU,2021-03-24 03:57:21,73.5069,80.5464,-2.54,85,100,4.36
216,Plotnikovo,RU,2021-03-24 03:57:21,55.0247,85.9436,30.2,86,75,6.71
217,Ketchikan,US,2021-03-24 03:57:22,55.3422,-131.6461,39.76,97,100,2.37
218,Vila Praia De Ancora,PT,2021-03-24 03:57:22,41.811,-8.8526,50.0,93,90,2.3
219,Richards Bay,ZA,2021-03-24 03:57:22,-28.783,32.0377,68.07,81,100,3.42
220,Marsaxlokk,MT,2021-03-24 03:57:22,35.8419,14.5431,51.01,53,0,12.66
221,Kalmunai,LK,2021-03-24 03:57:23,7.4167,81.8167,84.0,68,72,8.59
222,Alofi,NU,2021-03-24 03:57:23,-19.0595,-169.9187,80.6,89,40,6.91
223,Cooma,AU,2021-03-24 03:57:23,-36.2333,149.1333,60.8,67,90,14.97
224,Kavieng,PG,2021-03-24 03:57:23,-2.5744,150.7967,81.14,79,100,9.48
225,Tomatlan,MX,2021-03-24 03:57:24,19.9333,-105.25,63.23,74,33,2.89
226,Los Llanos De Aridane,ES,2021-03-24 03:57:24,28.6585,-17.9182,62.6,72,75,8.05
227,Thunder Bay,CA,2021-03-24 03:57:24,48.4001,-89.3168,43.0,75,90,9.98
228,Ossora,RU,2021-03-24 03:57:24,59.2353,163.0719,25.56,73,55,11.16
229,Acajutla,SV,2021-03-24 03:57:25,13.5928,-89.8275,69.01,97,0,1.01
230,Domoni,KM,2021-03-24 03:57:25,-12.2569,44.5319,80.82,77,70,1.59
231,Leh,IN,2021-03-24 03:57:25,34.1667,77.5833,28.51,64,100,6.46
232,Tres Lagoas,BR,2021-03-24 03:55:33,-20.7511,-51.6783,75.94,52,90,2.33
233,Madera,US,2021-03-24 03:54:42,37.1666,-119.8343,62.6,23,1,6.91
234,Pangnirtung,CA,2021-03-24 03:57:26,66.1451,-65.7125,-31.05,96,96,4.88
235,Sitka,US,2021-03-24 03:57:26,57.0531,-135.33,42.8,87,90,6.91
236,Mundo Nuevo,MX,2021-03-24 03:57:26,18.7,-95.5,78.01,64,0,13.65
237,Storforshei,NO,2021-03-24 03:57:26,66.4043,14.5233,39.0,93,75,2.3
238,Pevek,RU,2021-03-24 03:57:27,69.7008,170.3133,4.64,84,100,4.47
239,Klaksvik,FO,2021-03-24 03:57:27,62.2266,-6.589,39.2,75,75,20.71
240,Nanortalik,GL,2021-03-24 03:57:27,60.1432,-45.2371,21.7,71,67,8.95
241,Mazatlan,MX,2021-03-24 03:57:28,23.2167,-106.4167,66.0,89,69,6.11
242,Karaman,TR,2021-03-24 03:54:40,37.0833,33.25,33.57,98,82,5.95
243,Soyo,AO,2021-03-24 03:57:28,-6.1349,12.3689,79.29,85,100,10.8
244,Siguiri,GN,2021-03-24 03:57:28,11.6667,-9.5,83.73,44,100,4.76
245,Lekoni,GA,2021-03-24 03:57:28,-1.5843,14.2591,71.85,91,81,6.17
246,Neuquen,AR,2021-03-24 03:57:29,-38.9516,-68.0591,69.8,46,0,11.5
247,North Bend,US,2021-03-24 03:57:29,43.4065,-124.2243,46.4,87,1,17.27
248,Sauda,NO,2021-03-24 03:57:29,59.6506,6.3542,40.14,99,100,7.11
249,Huamachuco,PE,2021-03-24 03:57:30,-7.8,-78.0667,50.45,92,100,1.16
250,Kassala,SD,2021-03-24 03:57:30,15.451,36.4,85.82,19,9,3.51
251,Dingle,PH,2021-03-24 03:57:30,10.9995,122.6711,87.15,62,98,15.12
252,Hay River,CA,2021-03-24 03:57:30,60.8156,-115.7999,1.4,78,96,5.75
253,Benin,BJ,2021-03-24 03:57:31,9.5,2.25,78.58,67,75,4.76
254,Rawson,AR,2021-03-24 03:55:25,-43.3002,-65.1023,64.47,37,40,8.55
255,Jutai,BR,2021-03-24 03:57:31,-5.1833,-68.9,72.23,98,100,2.06
256,Awbari,LY,2021-03-24 03:57:31,26.5921,12.7805,48.7,34,0,8.34
257,Arman,RU,2021-03-24 03:57:31,59.7,150.1667,19.45,94,100,14.05
258,Ode,NG,2021-03-24 03:57:32,7.7899,5.7117,71.87,89,77,6.4
259,Shahrud,IR,2021-03-24 03:57:32,36.4182,54.9763,57.0,40,64,4.68
260,Sao Joao Da Barra,BR,2021-03-24 03:53:07,-21.6403,-41.0511,73.65,89,0,4.07
261,Tougan,BF,2021-03-24 03:57:32,13.0667,-3.0667,82.65,14,92,13.8
262,Cascina,IT,2021-03-24 03:57:32,43.6791,10.4994,37.0,93,0,2.3
263,Salalah,OM,2021-03-24 03:57:33,17.0151,54.0924,71.6,49,0,3.44
264,Savannakhet,LA,2021-03-24 03:57:33,16.566,104.751,78.8,53,8,2.3
265,Cayenne,GF,2021-03-24 03:57:33,4.9333,-52.3333,80.01,89,75,3.44
266,Tomigusuku,JP,2021-03-24 03:55:06,26.185,127.675,71.6,60,75,16.11
267,Tessalit,ML,2021-03-24 03:57:33,20.1986,1.0114,65.19,10,7,8.48
268,Coahuayana,MX,2021-03-24 03:57:34,18.7333,-103.6833,67.24,87,0,3.67
269,Ascension,US,2021-03-24 03:57:34,30.2169,-90.9001,62.6,100,90,4.61
270,Bengkulu,ID,2021-03-24 03:57:34,-3.8004,102.2655,80.98,73,94,2.53
271,Saurimo,AO,2021-03-24 03:57:34,-9.6608,20.3916,63.72,95,72,2.33
272,Narsaq,GL,2021-03-24 03:57:35,60.9167,-46.05,17.6,41,90,6.91
273,Numan,NG,2021-03-24 03:57:35,9.4667,12.0333,84.49,54,88,4.56
274,Skjervoy,NO,2021-03-24 03:57:35,70.0311,20.9714,33.75,96,100,4.94
275,Gizo,SB,2021-03-24 03:57:36,-8.103,156.8419,85.6,68,78,8.1
276,Vila Franca Do Campo,PT,2021-03-24 03:57:36,37.7167,-25.4333,53.6,87,20,13.8
277,Lujiang,CN,2021-03-24 03:57:36,31.2581,117.2817,70.0,36,0,4.47
278,Jiayuguan,CN,2021-03-24 03:56:06,39.8167,98.3,51.96,11,35,11.61
279,Sobolevo,RU,2021-03-24 03:57:36,54.4299,31.8996,12.0,95,14,3.56
280,Dryden,CA,2021-03-24 03:57:37,49.7833,-92.7503,37.4,48,90,4.61
281,Sabang,ID,2021-03-24 03:57:37,5.8933,95.3214,81.3,72,96,5.86
282,Constitucion,CL,2021-03-24 03:57:37,-35.3333,-72.4167,56.21,89,3,10.18
283,Aswan,EG,2021-03-24 03:57:37,24.0934,32.907,70.41,31,1,20.31
284,Kupang,ID,2021-03-24 03:57:38,-10.1667,123.5833,87.8,74,40,6.91
285,Arua,UG,2021-03-24 03:57:38,3.0201,30.9111,67.46,63,100,3.74
286,Vardo,NO,2021-03-24 03:57:38,70.3705,31.1107,32.0,74,0,31.07
287,Catamarca,AR,2021-03-24 03:57:38,-28.4696,-65.7852,72.0,79,1,4.0
288,Pochutla,MX,2021-03-24 03:57:39,15.7432,-96.4661,79.0,74,0,5.14
289,Astara,AZ,2021-03-24 03:57:39,38.5,48.6667,53.6,66,75,28.77
290,Ivanteyevka,RU,2021-03-24 03:57:39,55.9711,37.9208,15.8,86,0,4.47
291,Chuy,UY,2021-03-24 03:57:39,-33.6971,-53.4616,64.62,85,15,5.53
292,Alexandria,EG,2021-03-24 03:57:40,31.2156,29.9553,60.8,51,40,16.11
293,Wanlaweyn,SO,2021-03-24 03:57:40,2.6185,44.8938,76.03,74,31,11.27
294,Fort Nelson,CA,2021-03-24 03:57:40,58.8053,-122.7002,14.0,85,90,2.3
295,Ryotsu,JP,2021-03-24 03:57:40,38.0833,138.4333,60.8,39,20,12.66
296,Guhagar,IN,2021-03-24 03:57:41,17.4842,73.1929,93.07,32,4,6.51
297,Laguna,US,2021-03-24 03:57:41,38.421,-121.4238,60.8,21,1,12.66
298,Eyl,SO,2021-03-24 03:57:41,7.9803,49.8164,75.45,67,33,8.03
299,Warrington,GB,2021-03-24 03:57:42,53.3925,-2.5802,46.99,92,100,5.82
300,Raudeberg,NO,2021-03-24 03:57:42,61.9875,5.1352,43.0,88,100,33.96
301,Lingao,CN,2021-03-24 03:57:42,19.9103,109.6859,76.28,72,73,9.24
302,Charlestown,AU,2021-03-24 03:57:01,-32.95,151.6667,84.0,52,4,5.99
303,Berlevag,NO,2021-03-24 03:57:42,70.8578,29.0864,33.33,68,30,31.05
304,Lindi,TZ,2021-03-24 03:57:43,-10.0,39.7167,75.2,94,20,9.22
305,Tautira,PF,2021-03-24 03:57:43,-17.7333,-149.15,87.8,62,20,2.3
306,Cruz Alta,BR,2021-03-24 03:57:43,-28.6386,-53.6064,65.46,98,86,6.4
307,Hamilton,US,2021-03-24 03:57:17,39.1834,-84.5333,64.0,48,90,6.91
308,Betma,IN,2021-03-24 03:57:43,22.6833,75.6167,71.6,46,4,4.61
309,Kavaratti,IN,2021-03-24 03:57:44,10.5669,72.642,83.19,71,24,4.72
310,Egvekinot,RU,2021-03-24 03:57:44,66.3167,-179.1667,14.45,93,100,7.49
311,Numaligarh,IN,2021-03-24 03:57:44,26.6333,93.75,90.18,16,1,5.35
312,Yulara,AU,2021-03-24 03:57:45,-25.2406,130.9889,82.4,47,0,8.05
313,Dutlwe,BW,2021-03-24 03:57:45,-23.9833,23.9,64.47,80,100,7.27
314,Kurtamysh,RU,2021-03-24 03:57:45,54.9103,64.4319,28.31,90,100,12.08
315,Terrace Bay,CA,2021-03-24 03:57:45,48.7834,-87.1,42.8,70,100,3.44
316,Labuhan,ID,2021-03-24 03:57:46,-6.8844,112.2051,85.87,65,95,0.54
317,Ouadda,CF,2021-03-24 03:57:46,8.0777,22.4007,69.44,83,99,3.89
318,Onokhoy,RU,2021-03-24 03:57:46,51.932,108.0747,46.4,46,20,2.24
319,Necochea,AR,2021-03-24 03:57:46,-38.5473,-58.7368,60.01,81,3,7.0
320,Mehamn,NO,2021-03-24 03:57:47,71.0357,27.8492,32.79,68,53,29.28
321,Goundam,ML,2021-03-24 03:57:47,16.4145,-3.6708,75.79,10,41,13.15
322,Ventspils,LV,2021-03-24 03:57:47,57.3894,21.5606,33.8,100,90,11.5
323,Hofn,IS,2021-03-24 03:57:47,64.2539,-15.2082,34.52,47,9,7.23
324,Pangody,RU,2021-03-24 03:57:48,65.85,74.4859,19.49,95,90,12.01
325,Amga,RU,2021-03-24 03:57:48,60.8953,131.9608,0.25,81,100,8.7
326,Firovo,RU,2021-03-24 03:57:48,57.4814,33.7021,22.77,85,63,7.52
327,Nome,US,2021-03-24 03:54:14,64.5011,-165.4064,10.4,85,90,23.02
328,Turukhansk,RU,2021-03-24 03:57:49,65.8167,87.9833,18.61,93,100,19.37
329,Pierre,US,2021-03-24 03:57:49,44.3683,-100.351,48.0,52,75,9.22
330,Voi,KE,2021-03-24 03:57:49,-3.3945,38.563,71.73,83,48,0.78
331,Vao,NC,2021-03-24 03:57:49,-22.6667,167.4833,75.52,64,97,11.7
332,Yuzhnyy,RU,2021-03-24 03:57:50,53.2542,83.6936,28.4,86,75,29.08
333,Codrington,AU,2021-03-24 03:57:50,-38.2667,141.9667,62.76,92,100,8.57
334,Lianzhou,CN,2021-03-24 03:57:50,24.7811,112.3825,73.65,50,0,0.6
335,Saint-Francois,FR,2021-03-24 03:57:50,46.4154,3.9054,30.99,93,0,2.3
336,Batagay,RU,2021-03-24 03:57:51,67.6333,134.6333,-8.19,84,100,3.98
337,Takab,IR,2021-03-24 03:57:51,36.4009,47.1133,51.19,65,90,12.48
338,Roma,US,2021-03-24 03:57:51,43.2128,-75.4557,48.2,43,1,8.05
339,Muros,ES,2021-03-24 03:57:51,42.7762,-9.0603,48.0,89,71,3.44
340,Tambura,SS,2021-03-24 03:57:52,5.6,27.4667,70.79,78,100,2.39
341,Olafsvik,IS,2021-03-24 03:57:52,64.8945,-23.7142,34.3,61,100,19.39
342,Solnechnyy,RU,2021-03-24 03:57:52,50.7214,136.6319,29.95,37,33,8.3
343,Ponto Novo,BR,2021-03-24 03:57:52,-10.8628,-40.1336,67.8,79,2,4.09
344,Pokhara,NP,2021-03-24 03:54:09,28.2333,83.9833,84.18,15,7,5.19
345,Cagua,VE,2021-03-24 03:57:53,10.1863,-67.4594,75.2,83,75,0.96
346,Zhezkazgan,KZ,2021-03-24 03:57:53,47.8043,67.7144,13.77,93,97,6.96
347,Coos Bay,US,2021-03-24 03:57:53,43.3665,-124.2179,46.4,87,1,17.27
348,Krasnovishersk,RU,2021-03-24 03:57:53,60.4078,57.082,18.52,96,100,5.97
349,San Luis,AR,2021-03-24 03:57:54,-33.295,-66.3356,63.25,58,0,10.27
350,Mogadishu,SO,2021-03-24 03:57:54,2.0371,45.3438,78.71,75,59,12.17
351,Nokaneng,BW,2021-03-24 03:57:54,-19.6667,22.2667,67.5,84,15,5.44
352,Khorramabad,IR,2021-03-24 03:57:54,33.4878,48.3558,58.75,64,99,4.07
353,Lata,PT,2021-03-24 03:57:55,40.1629,-8.3327,53.01,82,6,1.32
354,Havelock,US,2021-03-24 03:57:55,34.8791,-76.9013,61.0,94,90,9.22
355,Viedma,AR,2021-03-24 03:57:55,-40.8135,-62.9967,74.07,38,99,21.52
356,Phonhong,LA,2021-03-24 03:57:55,18.5007,102.4166,80.6,54,0,4.61
357,Harper,LR,2021-03-24 03:57:56,4.375,-7.7169,78.06,88,100,5.97
358,Ixtapa,MX,2021-03-24 03:57:56,20.7,-105.2,70.0,67,43,2.24
359,Verkhnyaya Inta,RU,2021-03-24 03:57:56,65.9811,60.3094,23.13,82,100,14.9
360,Nabire,ID,2021-03-24 03:55:06,-3.3667,135.4833,87.19,63,90,5.19
361,Kingaroy,AU,2021-03-24 03:57:57,-26.5333,151.8333,77.0,65,90,13.8
362,Kiama,AU,2021-03-24 03:57:57,-34.6833,150.8667,82.99,52,0,8.88
363,Hualmay,PE,2021-03-24 03:57:57,-11.0964,-77.6139,70.81,80,100,9.26
364,Esperance,AU,2021-03-24 03:57:57,-33.8667,121.9,64.4,52,90,2.3
365,Cameron Park,US,2021-03-24 03:57:14,38.6688,-120.9872,59.0,25,20,10.36
366,Alice Springs,AU,2021-03-24 03:57:58,-23.7,133.8833,87.01,65,75,5.75
367,Ulaangom,MN,2021-03-24 03:57:58,49.9811,92.0667,19.58,84,100,1.41
368,El Carmen,CO,2021-03-24 03:57:58,8.5106,-73.4478,67.19,93,68,2.44
369,Bitung,ID,2021-03-24 03:57:58,1.4451,125.1824,87.8,70,40,9.22
370,Bani,DO,2021-03-24 03:57:59,18.2833,-70.3333,77.0,79,16,5.64
371,Cabra,ES,2021-03-24 03:57:59,37.4725,-4.4421,48.99,61,0,1.39
372,Tabas,IR,2021-03-24 03:57:59,33.5959,56.9244,73.71,12,4,9.28
373,Maniitsoq,GL,2021-03-24 03:57:59,65.4167,-52.9,-5.17,93,75,8.95
374,Caluquembe,AO,2021-03-24 03:58:00,-13.7833,14.6833,58.35,98,93,1.68
375,Alghero,IT,2021-03-24 03:58:00,40.5589,8.3181,33.8,100,0,2.3
376,Cervia,IT,2021-03-24 03:58:00,44.2657,12.3427,39.2,69,0,2.3
377,Bolobo,CD,2021-03-24 03:58:00,-2.1667,16.2333,72.27,93,92,0.76
378,Provideniya,RU,2021-03-24 03:58:01,64.3833,-173.3,30.99,95,100,16.64
379,Tura,IN,2021-03-24 03:58:01,25.5198,90.2201,91.72,14,5,6.38
380,Baiima,SL,2021-03-24 03:58:01,8.1,-11.85,73.81,93,100,1.79
381,Bilma,NE,2021-03-24 03:58:01,18.6853,12.9164,71.08,18,67,17.94
382,Fare,PF,2021-03-24 03:58:02,-16.7,-151.0167,83.8,73,3,19.24
383,Buala,SB,2021-03-24 03:58:03,-8.145,159.5921,85.03,69,67,3.96
384,Deputatskiy,RU,2021-03-24 03:58:03,69.3,139.9,-5.12,84,100,3.78
385,Severomuysk,RU,2021-03-24 03:58:03,56.1481,113.4267,17.62,85,100,3.42
386,Itoman,JP,2021-03-24 03:58:04,26.1247,127.6694,71.6,60,75,16.11
387,Bluefields,NI,2021-03-24 03:58:04,12.0137,-83.7635,75.36,81,1,6.55
388,Lashio,MM,2021-03-24 03:58:04,22.9333,97.75,89.65,15,2,3.94
389,Norrkoping,SE,2021-03-24 03:58:04,58.5942,16.1826,42.8,75,90,14.97
390,Maridi,SS,2021-03-24 03:58:05,4.9158,29.4742,68.32,85,100,2.75
391,Wasilla,US,2021-03-24 03:58:05,61.5814,-149.4394,28.4,50,1,4.61
392,Kozhva,RU,2021-03-24 03:58:05,65.1073,57.0459,21.94,93,100,10.87
393,Shu,KZ,2021-03-24 03:58:05,43.5983,73.7614,45.0,52,20,1.99
394,Nishihara,JP,2021-03-24 03:58:06,26.1842,127.7558,71.6,64,90,11.5
395,Goderich,CA,2021-03-24 03:58:06,43.7501,-81.7165,53.6,40,100,14.97
396,Barre,US,2021-03-24 03:58:06,44.197,-72.5021,37.99,60,1,2.48
397,Tilichiki,RU,2021-03-24 03:58:06,60.4667,166.1,16.18,70,42,13.62
398,Lamu,KE,2021-03-24 03:54:15,-2.2717,40.902,80.6,83,40,3.44
399,Pavino,RU,2021-03-24 03:58:07,59.1139,46.1414,21.13,90,94,10.18
400,Mormugao,IN,2021-03-24 03:58:07,15.4,73.8,84.2,65,20,4.61
401,Harrisburg,US,2021-03-24 03:53:56,40.2737,-76.8844,52.0,71,40,6.91
402,Chengam,IN,2021-03-24 03:58:07,12.3,78.8,84.79,44,6,3.8
403,Troitsko-Pechorsk,RU,2021-03-24 03:58:07,62.7084,56.1964,21.2,92,100,10.16
404,Samarai,PG,2021-03-24 03:58:08,-10.6167,150.6667,85.71,70,96,13.91
405,Huilong,CN,2021-03-24 03:58:08,31.8111,121.655,64.0,52,82,9.31
406,Sopot,PL,2021-03-24 03:58:08,54.4418,18.56,39.2,81,90,8.05
407,Shingu,JP,2021-03-24 03:58:08,33.7333,135.9833,64.4,55,75,11.5
408,Ostersund,SE,2021-03-24 03:58:09,63.1792,14.6357,39.2,65,69,9.22
409,Umm Kaddadah,SD,2021-03-24 03:58:09,13.6017,26.6876,81.82,16,75,4.54
410,Kulhudhuffushi,MV,2021-03-24 03:58:09,6.6221,73.07,84.02,68,80,9.75
411,Imbituba,BR,2021-03-24 03:58:09,-28.24,-48.6703,75.2,94,75,4.61
412,Minot,US,2021-03-24 03:58:10,48.2325,-101.2963,26.6,74,90,18.41
413,Kangaatsiaq,GL,2021-03-24 03:58:10,68.3065,-53.4641,-8.28,86,100,1.01
414,Pangkalanbuun,ID,2021-03-24 03:58:10,-2.6833,111.6167,92.86,48,82,2.1
415,Saint-Ambroise,CA,2021-03-24 03:58:10,48.5501,-71.3324,41.0,65,100,3.44
416,Araripe,BR,2021-03-24 03:58:11,-7.2125,-40.0461,67.44,88,67,6.55
417,Naryan-Mar,RU,2021-03-24 03:58:11,67.6713,53.087,28.09,92,100,13.06
418,Amalapuram,IN,2021-03-24 03:58:11,16.5833,82.0167,84.2,65,40,3.44
419,Mecca,SA,2021-03-24 03:57:03,21.4267,39.8261,79.27,23,0,3.04
420,Sambava,MG,2021-03-24 03:58:11,-14.2667,50.1667,75.79,90,63,3.87
421,Sinnamary,GF,2021-03-24 03:58:12,5.3833,-52.95,75.99,89,97,11.32
422,Kutum,SD,2021-03-24 03:58:12,14.2,24.6667,75.02,15,69,3.91
423,Saint Anthony,US,2021-03-24 03:58:12,45.0205,-93.218,46.4,87,90,13.8
424,Antalaha,MG,2021-03-24 03:58:12,-14.9003,50.2788,76.78,83,41,3.22
425,Lehigh Acres,US,2021-03-24 03:58:13,26.6254,-81.6248,66.2,72,1,3.0
426,Itigi,TZ,2021-03-24 03:58:13,-5.7,34.4833,60.24,98,61,4.61
427,Macusani,PE,2021-03-24 03:58:13,-14.0833,-70.4333,36.77,86,93,3.27
428,Homer,US,2021-03-24 03:58:14,59.6425,-151.5483,30.2,64,1,8.05
429,Vostok,RU,2021-03-24 03:58:14,46.4856,135.8833,32.32,64,30,1.25
430,Savonlinna,FI,2021-03-24 03:58:14,61.8699,28.88,39.2,75,0,6.91
431,Manono,CD,2021-03-24 03:58:15,-7.3,27.4167,68.27,92,93,2.8
432,Vestmannaeyjar,IS,2021-03-24 03:58:15,63.4427,-20.2734,37.56,64,100,20.04
433,Thompson,CA,2021-03-24 03:58:15,55.7435,-97.8558,3.2,55,40,5.75
434,Rodrigues Alves,BR,2021-03-24 03:58:15,-7.738,-72.6509,70.92,98,87,1.48
435,Luancheng,CN,2021-03-24 03:58:16,37.8792,114.6517,62.6,29,100,13.42
436,Sibolga,ID,2021-03-24 03:58:16,1.7427,98.7792,77.02,87,100,2.04
437,Port Hardy,CA,2021-03-24 03:58:16,50.6996,-127.4199,42.8,93,90,6.91
438,Berbera,SO,2021-03-24 03:58:16,10.4396,45.0143,77.09,64,0,2.21
439,Bagan,RU,2021-03-24 03:58:17,54.1001,77.6646,25.93,91,100,20.31
440,Corinto,GR,2021-03-24 03:58:17,37.9407,22.9573,44.01,63,90,1.01
441,Gonbad-E Qabus,IR,2021-03-24 03:58:17,37.25,55.1672,60.8,51,0,5.41
442,Mount Isa,AU,2021-03-24 03:58:18,-20.7333,139.5,82.4,61,90,12.66
443,Rabo De Peixe,PT,2021-03-24 03:58:18,37.8,-25.5833,53.6,87,20,13.8
444,Shelburne,CA,2021-03-24 03:58:18,44.0787,-80.2041,44.6,52,1,2.3
445,Sorland,NO,2021-03-24 03:58:18,67.667,12.6934,42.03,87,100,38.72
446,Ruwi,OM,2021-03-24 03:58:19,23.5996,58.5507,75.2,73,0,3.44
447,Naurskaya,RU,2021-03-24 03:58:19,43.6519,45.3133,44.6,93,90,8.95
448,Keene,US,2021-03-24 03:57:03,42.9337,-72.2781,42.01,56,1,1.86
449,Severo-Kurilsk,RU,2021-03-24 03:58:19,50.6789,156.125,34.14,88,90,16.64
450,San Cristobal,VE,2021-03-24 03:58:20,7.7669,-72.225,67.17,92,84,0.87
451,Khandyga,RU,2021-03-24 03:58:20,62.6667,135.6,-4.38,83,100,3.33
452,Hambantota,LK,2021-03-24 03:58:21,6.1241,81.1185,77.0,100,90,5.75
453,Tabou,CI,2021-03-24 03:58:21,4.423,-7.3528,77.77,89,100,5.14
454,Chara,RU,2021-03-24 03:58:21,56.9064,118.2631,18.27,74,99,1.77
455,Karratha,AU,2021-03-24 03:58:21,-20.7377,116.8463,91.74,38,7,8.7
456,Cherskiy,RU,2021-03-24 03:58:22,68.75,161.3,9.73,91,100,4.94
457,Lebork,PL,2021-03-24 03:58:22,54.5392,17.7501,42.01,81,90,8.05
458,Itambacuri,BR,2021-03-24 03:58:22,-18.0311,-41.685,68.23,88,0,3.85
459,Nemuro,JP,2021-03-24 03:58:23,43.3236,145.575,51.8,50,20,11.5
460,Erenhot,CN,2021-03-24 03:58:23,43.6475,111.9767,51.96,21,0,15.19
461,Tigil,RU,2021-03-24 03:58:23,57.8,158.6667,27.97,71,100,10.04
462,Non Sang,TH,2021-03-24 03:58:24,16.8687,102.5664,80.6,61,9,4.61
463,El Paso,US,2021-03-24 03:57:29,31.8001,-106.2005,64.4,11,1,11.5
464,Tarakan,ID,2021-03-24 03:53:31,3.3,117.6333,80.42,73,99,1.45
465,Huinan,CN,2021-03-24 03:58:25,42.6225,126.2614,52.61,29,88,10.47
466,Hatillo,PR,2021-03-24 03:58:25,18.4863,-66.8254,73.99,83,5,7.92
467,Bourail,NC,2021-03-24 03:58:26,-21.5667,165.4833,78.91,65,99,4.61
468,Union,US,2021-03-24 03:55:11,40.6334,-74.2663,48.2,87,1,4.16
469,Isangel,VU,2021-03-24 03:58:26,-19.55,169.2667,82.4,69,75,10.22
470,Bushenyi,UG,2021-03-24 03:58:26,-0.5853,30.2114,58.86,90,71,2.64
471,Abai,PY,2021-03-24 03:58:27,-26.0333,-55.9333,70.54,97,32,1.81
472,Kemin,KG,2021-03-24 03:58:27,42.7846,75.6892,45.93,63,31,4.45
473,Brae,GB,2021-03-24 03:58:27,60.3964,-1.353,44.6,65,75,35.68
474,Port Macquarie,AU,2021-03-24 03:58:28,-31.4333,152.9167,86.0,48,0,1.99
475,Santa Fe,AR,2021-03-24 03:58:28,-31.6333,-60.7,73.99,76,5,1.01
476,Taltal,CL,2021-03-24 03:54:28,-25.4,-70.4833,65.73,81,44,2.13
477,Marienburg,PL,2021-03-24 03:56:24,54.0359,19.0266,39.0,100,8,6.51
478,Kokoda,PG,2021-03-24 03:58:28,-8.8785,147.7407,82.85,83,97,2.77
479,Labrea,BR,2021-03-24 03:58:28,-7.2586,-64.7981,70.56,94,100,2.66
480,Rengo,CL,2021-03-24 03:58:29,-34.4167,-70.8667,64.4,55,0,0.74
481,Bairiki,KI,2021-03-24 03:58:29,1.3292,172.9752,86.0,70,20,11.5
482,Katete,UG,2021-03-24 03:58:29,-0.7818,29.7544,61.79,88,94,3.24
483,Cukai,MY,2021-03-24 03:58:29,4.25,103.4167,80.6,89,40,6.91
484,Wanxian,CN,2021-03-24 03:58:30,30.8039,108.3897,67.57,50,0,2.66
485,Kapit,MY,2021-03-24 03:58:30,2.0167,112.9333,91.09,56,75,0.54
486,Yagodnoye,RU,2021-03-24 03:58:30,62.55,149.6667,1.42,82,99,8.12
487,Lebanon,US,2021-03-24 03:53:52,36.2081,-86.2911,59.0,77,90,9.22
488,Puerto Madryn,AR,2021-03-24 03:58:30,-42.7692,-65.0385,66.09,47,25,9.37
489,Taoudenni,ML,2021-03-24 03:58:31,22.6783,-3.9836,64.22,14,1,12.19
490,Parkes,AU,2021-03-24 03:58:31,-33.1333,148.1833,78.01,39,26,1.99
491,Sturgis,US,2021-03-24 03:58:31,41.7992,-85.4192,59.0,58,90,6.91
492,Aripuana,BR,2021-03-24 03:58:31,-9.1667,-60.6333,69.6,99,81,1.86
493,Sale,MA,2021-03-24 03:58:32,34.0389,-6.8166,42.8,100,0,4.16
494,Banda Aceh,ID,2021-03-24 03:58:32,5.5577,95.3222,83.01,69,100,3.71
495,Doka,SD,2021-03-24 03:58:32,13.5167,35.7667,83.84,23,16,3.91
496,Ternate,ID,2021-03-24 03:58:32,0.8,127.4,84.36,70,97,4.43
497,Alto Araguaia,BR,2021-03-24 03:58:33,-17.3147,-53.2153,68.43,79,98,2.93
498,Sao Gabriel Da Cachoeira,BR,2021-03-24 03:58:33,-0.1303,-67.0892,69.33,98,100,1.32
499,Atikokan,CA,2021-03-24 03:58:33,48.7555,-91.6216,35.01,69,100,9.1
500,Partenit,UA,2021-03-24 03:58:33,44.578,34.3446,30.99,61,78,9.37
501,Mbanza-Ngungu,CD,2021-03-24 03:58:34,-5.25,14.8667,66.9,99,100,2.8
502,Ust-Ordynskiy,RU,2021-03-24 03:58:34,52.805,104.7508,39.2,60,40,4.47
503,Umarkhed,IN,2021-03-24 03:58:34,19.6,77.7,69.8,73,20,2.3
504,Udachnyy,RU,2021-03-24 03:58:34,66.4167,112.4,-0.99,79,100,1.86
505,Tanete,ID,2021-03-24 03:58:35,-3.9443,119.7848,90.34,55,93,7.07
506,Padang,ID,2021-03-24 03:54:29,-0.9492,100.3543,84.2,74,40,2.3
507,Williston,US,2021-03-24 03:54:01,48.147,-103.618,32.0,71,89,4.0
508,Heihe,CN,2021-03-24 03:58:35,50.2441,127.4902,39.2,19,20,8.95
509,Novikovo,RU,2021-03-24 03:58:35,51.1537,37.8879,30.49,84,100,16.69
510,Agucadoura,PT,2021-03-24 03:58:36,41.4318,-8.7804,46.99,100,20,1.14
511,Tonneins,FR,2021-03-24 03:58:36,44.3921,0.3124,42.01,93,0,1.07
512,Galveston,US,2021-03-24 03:58:36,29.3669,-94.9669,68.0,83,90,5.75
513,Prince Rupert,CA,2021-03-24 03:58:37,54.3161,-130.3201,44.6,93,90,9.22
514,Roswell,US,2021-03-24 03:58:02,34.0232,-84.3616,63.0,67,1,4.61
515,Pandan Niog,PH,2021-03-24 03:58:37,6.2282,120.5631,82.96,71,93,6.69
516,La Palma,US,2021-03-24 03:58:37,33.8464,-118.0467,62.01,51,20,11.5
517,Otane,NZ,2021-03-24 03:58:37,-39.8833,176.6333,66.99,70,35,1.99
518,Raton,US,2021-03-24 03:58:38,36.9034,-104.4391,33.01,93,90,5.75
519,Betong,TH,2021-03-24 03:58:38,5.7743,101.0723,81.86,79,92,0.47
520,San Vicente,AR,2021-03-24 03:58:38,-26.6167,-54.1333,65.12,98,32,1.99
521,Slave Lake,CA,2021-03-24 03:58:38,55.2834,-114.769,30.2,93,90,4.61
522,Aveiro,PT,2021-03-24 03:56:26,40.6443,-8.6455,50.0,86,10,5.06
523,Plettenberg Bay,ZA,2021-03-24 03:58:39,-34.0527,23.3716,63.97,87,100,6.42
524,Springbok,ZA,2021-03-24 03:58:39,-29.6643,17.8865,62.87,78,0,4.79
525,Ahipara,NZ,2021-03-24 03:58:39,-35.1667,173.1667,67.06,64,60,7.58
526,Auki,SB,2021-03-24 03:58:39,-8.7676,160.7034,83.91,73,46,1.86
527,Sayyan,YE,2021-03-24 03:58:40,15.1718,44.3244,56.34,22,1,3.04
528,Tuatapere,NZ,2021-03-24 03:58:40,-46.1333,167.6833,59.0,72,85,4.0
529,North Platte,US,2021-03-24 03:58:40,41.1239,-100.7654,39.2,81,90,17.27
530,Yantai,CN,2021-03-24 03:58:40,37.5333,121.4,57.65,46,75,4.14
531,Raiganj,IN,2021-03-24 03:58:41,25.6167,88.1167,94.14,13,7,11.72
532,Xuddur,SO,2021-03-24 03:58:41,4.1213,43.8894,70.03,66,68,18.95
533,La Asuncion,VE,2021-03-24 03:58:41,11.0333,-63.8628,76.32,81,9,15.77
534,Wajir,KE,2021-03-24 03:58:41,1.7471,40.0573,78.8,73,90,9.22
535,Yauya,PE,2021-03-24 03:58:42,-8.9833,-77.3,49.19,87,100,2.86
536,Tepelene,AL,2021-03-24 03:58:42,40.2958,20.0192,35.01,60,4,1.99
537,Mutis,CO,2021-03-24 03:58:42,6.2262,-77.4044,77.68,83,31,2.77
538,Kahului,US,2021-03-24 03:58:42,20.8947,-156.47,78.8,65,40,5.75
539,Bull Savanna,JM,2021-03-24 03:58:43,17.8868,-77.5902,72.54,85,3,6.42
540,Kenai,US,2021-03-24 03:58:43,60.5544,-151.2583,28.4,59,1,4.61
541,Aksu,CN,2021-03-24 03:58:43,41.1231,80.2644,55.89,30,65,3.58
542,Arona,ES,2021-03-24 03:58:43,28.0996,-16.681,62.6,55,0,5.75
543,Ilebo,CD,2021-03-24 03:58:44,-4.3167,20.5833,70.32,92,99,1.23
544,Talcahuano,CL,2021-03-24 03:58:44,-36.7167,-73.1167,59.0,82,0,12.66
545,Cabedelo,BR,2021-03-24 03:58:44,-6.9811,-34.8339,77.0,94,75,4.61
546,Platteville,US,2021-03-24 03:58:44,42.7342,-90.4785,55.0,100,90,12.66
547,El Alto,PE,2021-03-24 03:58:45,-4.2714,-81.2147,72.12,78,97,9.55
548,Biak,ID,2021-03-24 03:58:45,-0.9131,122.8766,83.48,69,100,1.05
549,Gedo,ET,2021-03-24 03:58:45,9.0167,37.45,51.6,24,31,4.09
550,Whitehorse,CA,2021-03-24 03:58:45,60.7161,-135.0538,21.0,86,90,9.22
551,Flinders,AU,2021-03-24 03:58:46,-34.5833,150.8552,82.99,47,0,8.99
552,Mangan,IN,2021-03-24 03:58:46,27.5167,88.5333,80.58,23,2,6.22
553,Zavetnyy,RU,2021-03-24 03:58:46,44.9316,41.1373,32.49,99,100,5.79
554,Ostrovnoy,RU,2021-03-24 03:58:46,68.0531,39.5131,25.97,82,8,20.31
555,Byron Bay,AU,2021-03-24 03:58:14,-28.65,153.6167,86.0,54,40,17.27
556,Bekhtery,UA,2021-03-24 03:58:47,46.251,32.2927,23.0,93,0,6.71
557,Kohtla-Jarve,EE,2021-03-24 03:58:47,59.3986,27.2731,34.11,83,96,12.66
558,Dunmore Town,BS,2021-03-24 03:58:47,25.5,-76.65,73.89,78,1,8.05
559,Haines Junction,CA,2021-03-24 03:58:48,60.7522,-137.5108,24.8,30,100,8.05
560,Manggar,ID,2021-03-24 03:58:48,-2.8833,108.2667,84.63,68,100,2.66
561,Aix-Les-Bains,FR,2021-03-24 03:58:48,45.6834,5.9224,39.0,100,0,3.0
562,Batemans Bay,AU,2021-03-24 03:58:49,-35.7167,150.1833,81.0,48,0,8.01
563,Thinadhoo,MV,2021-03-24 03:58:49,0.5333,72.9333,82.69,73,77,6.58
564,Taywarah,AF,2021-03-24 03:58:49,33.35,64.4167,43.48,28,74,3.38
565,Coari,BR,2021-03-24 03:58:49,-4.085,-63.1414,72.5,99,100,3.78
566,Jinxi,CN,2021-03-24 03:58:50,30.4323,116.2922,66.07,45,0,5.14
567,Hengshui,CN,2021-03-24 03:58:50,37.7322,115.7011,67.96,27,100,13.42
568,Iracoubo,GF,2021-03-24 03:58:50,5.4802,-53.2011,76.19,89,100,11.59
569,Pringsewu,ID,2021-03-24 03:58:51,-5.3582,104.9744,85.33,70,93,1.21
570,Cidreira,BR,2021-03-24 03:58:51,-30.1811,-50.2056,72.03,91,100,9.37
571,Inuvik,CA,2021-03-24 03:58:51,68.3499,-133.7218,3.2,60,100,5.75
572,Buraydah,SA,2021-03-24 03:54:15,26.326,43.975,71.6,30,0,9.22
573,Cururupu,BR,2021-03-24 03:58:51,-1.8283,-44.8683,73.36,97,99,2.84
574,Manzanillo,CU,2021-03-24 03:55:02,20.3433,-77.1167,76.71,71,44,3.56
575,Pulaski,US,2021-03-24 03:58:52,34.7668,-92.3001,60.8,55,0,6.91
576,Kirksville,US,2021-03-24 03:58:52,40.1948,-92.5833,48.99,93,90,10.36
577,Pericos,MX,2021-03-24 03:58:52,25.05,-107.7,57.99,73,54,2.15
578,Mazyr,BY,2021-03-24 03:58:52,52.0495,29.2456,26.51,81,6,8.16
579,Ninghai,CN,2021-03-24 03:58:53,29.2892,121.4247,57.99,99,100,5.97
580,Morgan City,US,2021-03-24 03:58:53,29.6994,-91.2068,62.6,94,90,13.8
581,Sao Filipe,CV,2021-03-24 03:58:53,14.8961,-24.4956,70.56,75,7,7.7
582,Baykit,RU,2021-03-24 03:58:53,61.67,96.37,17.78,86,95,2.91
583,Saldanha,ZA,2021-03-24 03:58:54,-33.0117,17.9442,69.8,64,23,11.5
584,Laukaa,RU,2021-03-24 03:58:54,58.7372,29.8453,30.87,95,84,7.05
585,Salta,AR,2021-03-24 03:58:54,-24.7859,-65.4117,60.8,94,40,4.61
586,High Level,CA,2021-03-24 03:58:54,58.5169,-117.136,12.2,79,90,2.3
587,Quatre Cocos,MU,2021-03-24 03:58:55,-20.2078,57.7625,84.99,94,20,3.44
588,Tongliao,CN,2021-03-24 03:58:55,43.6125,122.2653,56.66,18,0,9.35
589,Novaya Igirma,RU,2021-03-24 03:58:55,57.1334,103.9112,30.27,79,99,3.85
590,Jak,HU,2021-03-24 03:58:55,47.1425,16.5815,37.99,78,10,1.99
591,Swellendam,ZA,2021-03-24 03:58:56,-34.0226,20.4417,62.6,94,64,5.75
592,Toamasina,MG,2021-03-24 03:58:56,-18.1667,49.3833,73.4,100,20,5.39
593,Makakilo City,US,2021-03-24 03:58:56,21.3469,-158.0858,75.2,83,75,6.91
594,Bac Lieu,VN,2021-03-24 03:58:56,9.285,105.7244,88.14,58,100,23.49
595,Zeya,RU,2021-03-24 03:58:57,53.75,127.2667,24.04,65,24,2.95
596,Valle De Allende,MX,2021-03-24 03:58:57,26.9333,-105.4,51.91,12,85,6.89
